{
  "mean_probability": 0.00399923138320446,
  "p95_probability": 0.005745522677898407,
  "count": 56962
}